{
  "vocab_size": 15000,
  "sequence_length": 20,
  "batch_size": 64,
  "embed_dim": 256,
  "latent_dim": 2048,
  "num_heads": 8,
  "num_train_pairs": 83276,
  "num_val_pairs": 17844,
  "num_test_pairs": 17844,
  "epochs": 1,
  "final_train_accuracy": 0.3457843065261841,
  "final_val_accuracy": 0.48210713267326355
}